# Active tools - redirect clean URLs to .html files
/json /src/tools/json.html 200
/csv /src/tools/csv.html 200
/yaml /src/tools/yaml.html 200
/xml /src/tools/xml.html 200
/sql /src/tools/sql.html 200
/imgconv /src/tools/imgconv.html 200
/pallete /src/tools/pallete.html 200
/gradientgen /src/tools/gradientgen.html 200
/qr /src/tools/qr.html 200
/imgtopdf /src/tools/imgtopdf.html 200
/pdftoimg /src/tools/pdftoimg.html 200
/imgmeta /src/tools/imgmeta.html 200
/regex /src/tools/regex.html 200
/textdiff /src/tools/textdiff.html 200
/markdown /src/tools/markdown.html 200
/analysis /src/tools/analysis.html 200
/convert /src/tools/convert.html 200
/base64 /src/tools/base64.html 200
/textgen /src/tools/textgen.html 200
/timestamp /src/tools/timestamp.html 200

# Redirect .html URLs to clean URLs (301 permanent redirect)
/src/tools/json.html /json 301
/src/tools/csv.html /csv 301
/src/tools/yaml.html /yaml 301
/src/tools/xml.html /xml 301
/src/tools/sql.html /sql 301
/src/tools/imgconv.html /imgconverter 301
/src/tools/pallete.html /pallete 301
/src/tools/gradientgen.html /gradientgen 301
/src/tools/qr.html /qr 301
/src/tools/imgtopdf.html /imgtopdf 301
/src/tools/pdftoimg.html /pdftoimg 301
/src/tools/imgmeta.html /imgmeta 301
/src/tools/regex.html /regex 301
/src/tools/textdiff.html /textdifference 301
/src/tools/markdown.html /markdown 301
/src/tools/analysis.html /analysis 301
/src/tools/convert.html /convert 301
/src/tools/base64.html /base64 301
/src/tools/textgen.html /textgen 301
/src/tools/timestamp.html /timestamp 301